ISBN,TITLE,AUTHOR,PUBLISHER,PUBLICATION_DATE,image
153554488-0,Zaam-Dox,Katie Dumbellow,Zooxo,2018-10-01,defaultBook.png
269319631-0,Fintone,Kristina Farnes,Mita,1971-06-15,defaultBook.png
209116113-6,Fix San,Johnath Jurasz,Dazzlesphere,1990-03-17,defaultBook.png
390933104-1,Bamity,Ginny Rain,Yakitri,1976-11-20,defaultBook.png
651045768-7,Hatity,Jehu Hayne,Tagopia,1949-06-16,defaultBook.png
270797865-5,Stronghold,Katha Tailby,Twiyo,1927-03-02,defaultBook.png
051843432-X,Bitchip,Farr McGrotty,Riffpath,1944-05-27,defaultBook.png
623533270-X,Mat Lam Tam,Pall Sail,Skidoo,1947-04-17,defaultBook.png
438765041-9,Opela,Rubi Gobat,Flipbug,2019-07-26,defaultBook.png
882466316-8,Holdlamis,Finlay Kivelle,Skibox,1921-10-09,defaultBook.png
091599954-4,Tresom,Worthy Finlow,Chatterbridge,1958-08-11,defaultBook.png
122160382-5,Konklab,Corri Baldwin,Twinder,1974-10-24,defaultBook.png
795346892-1,Span,Rianon Frere,Chatterpoint,1983-05-17,defaultBook.png
233284392-2,Temp,Margi Cleaves,Kamba,1920-10-10,defaultBook.png
397155337-0,Daltfresh,Salomone Witling,Tagfeed,1925-03-19,defaultBook.png
600368283-3,Treeflex,Dory Ludlem,Fadeo,1928-10-07,defaultBook.png
931146936-X,Viva,Vanny Daffern,Topicshots,1944-06-20,defaultBook.png
719124881-5,Mat Lam Tam,Susana Bossom,Zazio,1925-01-28,defaultBook.png
761122973-7,Fixflex,Melosa Malcher,Vidoo,1937-07-07,defaultBook.png
401031969-0,Kanlam,Vikky Hedgeman,Quire,1998-02-23,defaultBook.png
271213206-8,Tampflex,Billy Salkeld,Topiczoom,1962-08-06,defaultBook.png
116097676-7,Fix San,Myrlene Keat,Yodoo,1924-06-04,defaultBook.png
369829752-3,Lotstring,Merrili Korba,Gigashots,1975-01-09,defaultBook.png
885421087-0,Andalax,Anya Welsh,Blogspan,1975-02-05,defaultBook.png
023092596-0,Viva,Mattheus Haggie,Twinte,1957-02-23,defaultBook.png
508592556-4,Zaam-Dox,Che Headington,Midel,1943-05-08,defaultBook.png
385394549-X,Andalax,Nerta Stannett,Aimbu,1998-08-02,defaultBook.png
302996506-6,Duobam,Selig Spat,Lazz,1974-01-19,defaultBook.png
688090680-X,Prodder,Rickard O' Driscoll,Ntags,2013-05-06,defaultBook.png
745503310-9,Konklux,Chicky Chaffin,Topicblab,1985-03-23,defaultBook.png
179358383-8,Cardguard,Klarrisa McGavin,Browseblab,1926-02-18,defaultBook.png
250421326-3,Tempsoft,Leland Atherton,Rhyloo,1979-08-02,defaultBook.png
095830221-9,Sonair,Margery Juarez,Trudoo,1948-10-17,defaultBook.png
305427173-0,Vagram,Yancy Thirlaway,Meejo,1938-12-12,defaultBook.png
338978815-8,Domainer,Marcelle Matveiko,Linklinks,1945-01-09,defaultBook.png
851575418-5,Tres-Zap,Annabelle Colvin,Kazu,1928-03-21,defaultBook.png
582998632-9,Regrant,Staffard Philippeaux,Dabjam,1952-08-15,defaultBook.png
101692197-7,Flexidy,Ethelred Dengate,Kazu,2012-08-04,defaultBook.png
270633753-2,Alphazap,Kirk Cordero,InnoZ,1973-04-02,defaultBook.png
546436632-6,Cardguard,Nadiya Pinner,Roodel,1938-04-04,defaultBook.png
578434787-X,Flowdesk,Tarrance France,Flipbug,1964-04-15,defaultBook.png
789995581-5,Home Ing,Esme Tresise,Divanoodle,2013-02-26,defaultBook.png
512685026-1,Rank,Rogers Mullett,Skinte,1961-02-26,defaultBook.png
835444951-3,Lotstring,Hagan Wikey,Photobug,1995-08-20,defaultBook.png
613084479-4,Temp,Kimmie Cuttin,Wikido,1921-09-12,defaultBook.png
395518375-0,Cardify,Cobbie Bauser,Livetube,1998-04-10,defaultBook.png
111449228-0,Tampflex,Jessee Bendel,Kayveo,1964-01-09,defaultBook.png
542091625-8,Cardify,Huntley Carillo,Rhyzio,1964-05-04,defaultBook.png
854319899-2,Tresom,Andeee Kearsley,Bubblemix,1945-08-28,defaultBook.png
132922326-8,Y-Solowarm,Morie Drage,Skiptube,1969-02-21,defaultBook.png
709281399-9,Zoolab,Emlen Tant,Browsebug,1939-03-05,defaultBook.png
865137557-3,Ventosanzap,Zacharia Cleen,Eire,1954-09-24,defaultBook.png
776867775-7,Domainer,Celesta Anger,Camimbo,2016-08-10,defaultBook.png
454589294-9,Andalax,Godfree Rundle,Kayveo,1950-04-16,defaultBook.png
070569940-4,Cardguard,Andris Timmins,Zoombox,1929-04-10,defaultBook.png
614064159-4,Alphazap,Lainey Prendergast,Tambee,2000-04-15,defaultBook.png
201411876-0,Wrapsafe,Flinn Barbey,Edgeclub,1984-09-28,defaultBook.png
461695301-5,Prodder,Elliott Townby,Topiczoom,2017-02-15,defaultBook.png
467821632-4,Sonair,Dulcy Wake,Linkbridge,1943-01-11,defaultBook.png
369435654-1,Bigtax,Stepha Longhorn,Ntag,1923-08-21,defaultBook.png
036816885-9,Bytecard,Rockwell Vellender,Fatz,1958-09-04,defaultBook.png
015528092-9,Kanlam,Nanette Feast,Edgeclub,1984-05-19,defaultBook.png
453114088-5,Otcom,Royce Sparshutt,Chatterpoint,1937-10-17,defaultBook.png
147841895-8,Tresom,Ardene Allicock,Midel,1938-12-07,defaultBook.png
107513631-8,Gembucket,Powell Honsch,DabZ,1963-05-06,defaultBook.png
860184159-7,Tampflex,Hamel Maryman,Fadeo,1924-04-04,defaultBook.png
294479009-9,Span,Mead Lamb-shine,Rhycero,1928-11-28,defaultBook.png
943414557-0,Toughjoyfax,Rosella Straun,Devshare,1934-05-14,defaultBook.png
359182645-6,Cardguard,Amata Rehor,Camimbo,1975-04-18,defaultBook.png
804398271-6,Job,Elbertina Triswell,Demivee,1926-05-27,defaultBook.png
404245673-1,Zontrax,Anne Kensley,Dynava,2004-10-21,defaultBook.png
498300920-5,Zontrax,Dennie Tollet,Blogspan,1983-04-12,defaultBook.png
240613996-4,Voyatouch,Elvyn Giovannilli,Kazu,2020-10-10,defaultBook.png
194631953-8,Biodex,Tuesday Jodkowski,Yotz,2017-08-25,defaultBook.png
711954794-1,Ronstring,Danie Guyton,Brainsphere,1966-08-27,defaultBook.png
406105767-7,Bitchip,Deborah Rawstorn,Ooba,1938-05-11,defaultBook.png
735295801-0,Daltfresh,Mallory Bernhard,DabZ,1965-07-15,defaultBook.png
148018356-3,Duobam,Cort Antonsen,Edgewire,2012-05-19,defaultBook.png
803485605-3,Flowdesk,Beaufort Bellas,Voolia,1932-03-15,defaultBook.png
910524813-2,Bigtax,Gris Broddle,Linklinks,1936-10-11,defaultBook.png
600926664-5,Aerified,Egor Otham,Mynte,1958-09-28,defaultBook.png
574854077-0,Redhold,Carmita Bleier,Brightbean,2017-05-07,defaultBook.png
187671695-9,Gembucket,Mahmud Warrilow,Trudeo,2003-08-23,defaultBook.png
387788799-6,Namfix,Alisander Landsman,Dynabox,2006-01-30,defaultBook.png
147840918-5,Zontrax,Mia Gehring,Blogpad,1924-12-05,defaultBook.png
338201496-3,Vagram,Gill Langfield,Oyoyo,1924-07-27,defaultBook.png
289109500-6,Kanlam,Allsun Weighell,Plambee,1924-09-07,defaultBook.png
356673220-6,Tempsoft,Kendricks Cusick,Quaxo,1948-08-13,defaultBook.png
551669794-8,Cookley,Montague Maffiotti,Kwinu,2003-08-16,defaultBook.png
232044450-5,Bigtax,Pier Simcock,Photospace,2018-12-20,defaultBook.png
031041793-7,Biodex,Joceline Kropp,Feedfire,1955-03-04,defaultBook.png
705211449-6,Opela,Bili Harding,Thoughtbridge,1952-09-27,defaultBook.png
952180069-0,Ventosanzap,Colly Westberg,Meejo,2014-09-19,defaultBook.png
391193698-2,Kanlam,Hallsy Casaroli,Jaxbean,2000-04-08,defaultBook.png
530555585-X,Y-find,Aguistin Groven,Browseblab,2001-08-08,defaultBook.png
769870916-7,Andalax,Rowena Caven,Gabtune,1950-04-26,defaultBook.png
718898527-8,Zontrax,Rhodia Raleston,Skimia,1962-11-21,defaultBook.png
690062831-1,Home Ing,Melicent Buttrick,Livetube,1946-08-24,defaultBook.png
568174262-8,Wrapsafe,Cobb Ridder,Digitube,1955-08-09,defaultBook.png
231028041-0,Cookley,Gregory Londsdale,Meevee,1944-10-04,defaultBook.png
